level_1,level_2,level_3,level_4,level_5
今後10年を幸せに過ごすには,ありたい状態,お金,必要ライン,最低年収1100万円
今後10年を幸せに過ごすには,ありたい状態,お金,必要ライン,月100万円
今後10年を幸せに過ごすには,ありたい状態,お金,生活水準,生活に不安を感じない十分な金額
今後10年を幸せに過ごすには,ありたい状態,お金,生活水準,家賃が払える
今後10年を幸せに過ごすには,ありたい状態,お金,生活水準,家が買える
今後10年を幸せに過ごすには,ありたい状態,お金,生活水準,車を保有できる
今後10年を幸せに過ごすには,ありたい状態,お金,生活水準,外食ができる
今後10年を幸せに過ごすには,ありたい状態,お金,イベント,年に4回海外旅行に行ける
今後10年を幸せに過ごすには,ありたい状態,お金,イベント,年に4回山形に帰れる
今後10年を幸せに過ごすには,ありたい状態,お金,イベント,年に1回北海道に帰れる
今後10年を幸せに過ごすには,ありたい状態,お金,家族支援,子供の養育費を賄える
今後10年を幸せに過ごすには,ありたい状態,健康,身体,週に2回はジムに行く
今後10年を幸せに過ごすには,ありたい状態,健康,身体,週に2回はランニングする
今後10年を幸せに過ごすには,ありたい状態,健康,身体,散歩
今後10年を幸せに過ごすには,ありたい状態,健康,身体,自転車
今後10年を幸せに過ごすには,ありたい状態,健康,身体,睡眠を取る
今後10年を幸せに過ごすには,ありたい状態,健康,食事,食事に気をつける
今後10年を幸せに過ごすには,ありたい状態,健康,食事,タンパク質を取る
今後10年を幸せに過ごすには,ありたい状態,健康,食事,脂質を避ける
今後10年を幸せに過ごすには,ありたい状態,健康,食事,糖質を避ける
今後10年を幸せに過ごすには,ありたい状態,健康,生活習慣,タバコを吸わない
今後10年を幸せに過ごすには,ありたい状態,健康,生活習慣,お酒を飲みすぎない
今後10年を幸せに過ごすには,ありたい状態,健康,生活習慣,同じ生活リズムを守る
今後10年を幸せに過ごすには,ありたい状態,健康,メンタル,サウナ
今後10年を幸せに過ごすには,ありたい状態,健康,メンタル,瞑想
今後10年を幸せに過ごすには,ありたい状態,健康,メンタル,ストレスを避ける
今後10年を幸せに過ごすには,ありたい状態,家族,パートナー,ずっと仲良く過ごす
今後10年を幸せに過ごすには,ありたい状態,家族,パートナー,対話する時間を作る
今後10年を幸せに過ごすには,ありたい状態,家族,パートナー,サプライズ
今後10年を幸せに過ごすには,ありたい状態,家族,パートナー,イベントごとのプレゼント
今後10年を幸せに過ごすには,ありたい状態,家族,パートナー,美味しい料理が作れるようになる
今後10年を幸せに過ごすには,ありたい状態,家族,住環境,十分な広さの住環境
今後10年を幸せに過ごすには,ありたい状態,家族,住環境,治安の良いエリアに住む
今後10年を幸せに過ごすには,ありたい状態,家族,住環境,心にゆとりのある環境を提供する
今後10年を幸せに過ごすには,ありたい状態,家族,支援,十分な教育機会を提供するための資金を準備する
今後10年を幸せに過ごすには,ありたい状態,家族,支援,金銭面での支援
今後10年を幸せに過ごすには,ありたい状態,家族,支援,仕事面での支援
今後10年を幸せに過ごすには,ありたい状態,家族,支援,住居での支援
今後10年を幸せに過ごすには,ありたい状態,友人,既存の関係,仲の良い友人と丁寧にコミュニケーションとる
今後10年を幸せに過ごすには,ありたい状態,友人,新しい関係,新しい友人をつくる
今後10年を幸せに過ごすには,ありたい状態,友人,接点,サークルに入る
今後10年を幸せに過ごすには,ありたい状態,友人,接点,バスケ
今後10年を幸せに過ごすには,ありたい状態,友人,接点,野球
今後10年を幸せに過ごすには,ありたい状態,学び,英語,TOEIC800点以上
今後10年を幸せに過ごすには,ありたい状態,学び,大学院,大学院に行く
今後10年を幸せに過ごすには,ありたい状態,学び,大学院,金融工学
今後10年を幸せに過ごすには,ありたい状態,学び,大学院,研究計画を作る
今後10年を幸せに過ごすには,ありたい状態,社会貢献,対人支援,子供食堂
今後10年を幸せに過ごすには,ありたい状態,社会貢献,対人支援,炊き出し
今後10年を幸せに過ごすには,ありたい状態,社会貢献,対人支援,ボランティア
今後10年を幸せに過ごすには,ありたい状態,社会貢献,対人支援,ITスキル教室
今後10年を幸せに過ごすには,ありたい状態,社会貢献,仕事を通じた貢献,世の中のためになる仕事をする
今後10年を幸せに過ごすには,ありたい状態,社会貢献,仕事を通じた貢献,日本に貢献できる仕事をする
今後10年を幸せに過ごすには,ありたい状態,社会貢献,仕事を通じた貢献,今までお世話になった人に貢献する
今後10年を幸せに過ごすには,実現手段,キャリア,働き方,サラリーマン
今後10年を幸せに過ごすには,実現手段,キャリア,働き方,フリーランス
今後10年を幸せに過ごすには,実現手段,キャリア,働き方,自営業
今後10年を幸せに過ごすには,実現手段,キャリア,役割,取締役
今後10年を幸せに過ごすには,実現手段,キャリア,役割,社外取締役
今後10年を幸せに過ごすには,実現手段,キャリア,役割,社外監査役
今後10年を幸せに過ごすには,実現手段,キャリア,役割,アドバイザー
今後10年を幸せに過ごすには,実現手段,キャリア,収入手段,Webコンサル
今後10年を幸せに過ごすには,実現手段,キャリア,収入手段,DXコンサル
今後10年を幸せに過ごすには,実現手段,キャリア,収入手段,AIコンサル
今後10年を幸せに過ごすには,実現手段,キャリア,収入手段,システム構築PM
今後10年を幸せに過ごすには,実現手段,収入ポートフォリオ,労働収入,20日*8時間/100万=6000円/時給
今後10年を幸せに過ごすには,実現手段,収入ポートフォリオ,資産所得,株式配当
今後10年を幸せに過ごすには,実現手段,収入ポートフォリオ,資産所得,不動産所得
今後10年を幸せに過ごすには,実現手段,事業づくり,組織・人事,採用人事オーダメイド事業
今後10年を幸せに過ごすには,実現手段,事業づくり,組織・人事,評価制度構築
今後10年を幸せに過ごすには,実現手段,事業づくり,組織・人事,評価軸の構築
今後10年を幸せに過ごすには,実現手段,事業づくり,組織・人事,MVV
今後10年を幸せに過ごすには,実現手段,事業づくり,EC・集客,Web集客
今後10年を幸せに過ごすには,実現手段,事業づくり,EC・集客,アリエク転売EC
今後10年を幸せに過ごすには,実現手段,事業づくり,EC・集客,shopify試してみる
今後10年を幸せに過ごすには,実現手段,事業づくり,事業原則,小さいモジュール単位
今後10年を幸せに過ごすには,実現手段,事業づくり,事業原則,モジュール性と拡張性が高い事業
今後10年を幸せに過ごすには,実現手段,事業づくり,事業原則,規模の経済が働きやすい
今後10年を幸せに過ごすには,選択肢ライブラリ,転職候補,コンサル,Accenture
今後10年を幸せに過ごすには,選択肢ライブラリ,転職候補,コンサル,IDEO
今後10年を幸せに過ごすには,選択肢ライブラリ,転職候補,コンサル,NTTD
今後10年を幸せに過ごすには,選択肢ライブラリ,転職候補,コンサル,ベイカレ
今後10年を幸せに過ごすには,選択肢ライブラリ,転職候補,コンサル,日本総研
今後10年を幸せに過ごすには,選択肢ライブラリ,転職候補,コンサル,野村総研
今後10年を幸せに過ごすには,選択肢ライブラリ,転職候補,商社・半導体,マクニカ
今後10年を幸せに過ごすには,選択肢ライブラリ,転職候補,商社・半導体,丸文
今後10年を幸せに過ごすには,選択肢ライブラリ,転職候補,商社・半導体,Paltek
今後10年を幸せに過ごすには,選択肢ライブラリ,転職候補,商社・半導体,三菱商事
今後10年を幸せに過ごすには,選択肢ライブラリ,転職候補,商社・半導体,伊藤忠
今後10年を幸せに過ごすには,選択肢ライブラリ,転職候補,商社・半導体,三井物産
今後10年を幸せに過ごすには,選択肢ライブラリ,転職候補,外資IT・金融,Goldman
今後10年を幸せに過ごすには,選択肢ライブラリ,転職候補,外資IT・金融,Barclays
今後10年を幸せに過ごすには,選択肢ライブラリ,転職候補,外資IT・金融,Fidelity
今後10年を幸せに過ごすには,選択肢ライブラリ,転職候補,外資IT・金融,Google
今後10年を幸せに過ごすには,選択肢ライブラリ,転職候補,外資IT・金融,Amazon
今後10年を幸せに過ごすには,選択肢ライブラリ,転職候補,外資IT・金融,Meta
今後10年を幸せに過ごすには,選択肢ライブラリ,転職候補,外資IT・金融,Microsoft
今後10年を幸せに過ごすには,選択肢ライブラリ,転職候補,外資IT・金融,Tesla
今後10年を幸せに過ごすには,選択肢ライブラリ,事業テーマ,先端産業,ロボティクス事業
今後10年を幸せに過ごすには,選択肢ライブラリ,事業テーマ,先端産業,家庭用ロボット
今後10年を幸せに過ごすには,選択肢ライブラリ,事業テーマ,先端産業,ヒューマノイド
今後10年を幸せに過ごすには,選択肢ライブラリ,事業テーマ,先端産業,新エネルギー開発
今後10年を幸せに過ごすには,選択肢ライブラリ,事業テーマ,先端産業,量子コンピュータ
今後10年を幸せに過ごすには,選択肢ライブラリ,事業テーマ,先端産業,宇宙開発
今後10年を幸せに過ごすには,選択肢ライブラリ,事業テーマ,先端産業,新素材探索
今後10年を幸せに過ごすには,選択肢ライブラリ,事業テーマ,先端産業,AGIコンプライアンス
今後10年を幸せに過ごすには,選択肢ライブラリ,事業テーマ,先端産業,自動運転
今後10年を幸せに過ごすには,選択肢ライブラリ,事業テーマ,先端産業,半導体
今後10年を幸せに過ごすには,選択肢ライブラリ,事業テーマ,先端産業,データセンタ建設
今後10年を幸せに過ごすには,選択肢ライブラリ,事業テーマ,支援・プロ,ベンチャーキャピタル手伝う
今後10年を幸せに過ごすには,選択肢ライブラリ,事業テーマ,支援・プロ,InvestBank手伝う
今後10年を幸せに過ごすには,選択肢ライブラリ,事業テーマ,支援・プロ,不動産ターンアラウンド手伝う
今後10年を幸せに過ごすには,選択肢ライブラリ,事業テーマ,支援・プロ,FA
今後10年を幸せに過ごすには,選択肢ライブラリ,事業テーマ,支援・プロ,双腕アーム
今後10年を幸せに過ごすには,選択肢ライブラリ,事業テーマ,コンテンツ,映像コンテンツ事業
今後10年を幸せに過ごすには,選択肢ライブラリ,事業テーマ,コンテンツ,ショート動画
今後10年を幸せに過ごすには,選択肢ライブラリ,事業テーマ,コンテンツ,映画
今後10年を幸せに過ごすには,選択肢ライブラリ,事業テーマ,コンテンツ,料理
今後10年を幸せに過ごすには,選択肢ライブラリ,名前候補,屋号,Particle
今後10年を幸せに過ごすには,選択肢ライブラリ,名前候補,屋号,Grain
今後10年を幸せに過ごすには,選択肢ライブラリ,名前候補,屋号,Quark
今後10年を幸せに過ごすには,選択肢ライブラリ,名前候補,屋号,Quants
今後10年を幸せに過ごすには,選択肢ライブラリ,名前候補,屋号,hivemind
今後10年を幸せに過ごすには,選択肢ライブラリ,名前候補,屋号,kokoro
今後10年を幸せに過ごすには,選択肢ライブラリ,名前候補,屋号,reap
今後10年を幸せに過ごすには,選択肢ライブラリ,名前候補,屋号,EAST END
今後10年を幸せに過ごすには,選択肢ライブラリ,名前候補,屋号,ε
今後10年を幸せに過ごすには,今期の重点,整理,仕事,仕事の評価軸を決める
今後10年を幸せに過ごすには,今期の重点,整理,事業,事業案を3つに絞る
今後10年を幸せに過ごすには,今期の重点,整理,生活,家族と健康の定例を置く
今後10年を幸せに過ごすには,今期の重点,実行,学び,英語学習を始める
今後10年を幸せに過ごすには,今期の重点,実行,健康,ジムとランニングを習慣化する
今後10年を幸せに過ごすには,今期の重点,実行,お金,収入ポートフォリオの試算を作る
